Million tonnes of carbon dioxide,1965,1966,1967,1968,1969,1970,1971,1972,1973,1974,1975,1976,1977,1978,1979,1980,1981,1982,1983,1984,1985,1986,1987,1988,1989,1990,1991,1992,1993,1994,1995,1996,1997,1998,1999,2000,2001,2002,2003,2004,2005,2006,2007,2008,2009,2010,2011,2012,2013,2014,2015,2016,2017,2018,2019,2020,2021,2022,2023
Canada,260.328495140187,271.695135711692,285.543067153543,308.28217417188,320.455800596625,344.91155987978,351.587902436033,367.982153244317,393.724686738104,400.183126473799,398.065543079749,412.880269044079,436.389480594546,424.593716267496,430.708982477896,440.581741199829,420.670093162451,406.965330465697,387.987462811172,408.426657248288,403.473076418042,393.385210656095,406.725102867931,437.382203835063,457.382340254262,444.829934860114,427.990410538856,441.940912272781,438.445124875754,453.152950049378,471.483272468671,480.5600040094,493.984413478523,508.338177303784,513.231336416677,533.106707481667,535.837735136971,548.654820001684,557.765783208422,555.308298784308,555.026546515524,547.930412378162,574.962772089988,559.432489769533,531.556421073154,545.602996207774,549.448924536817,545.518778715283,559.301525566727,564.504799546674,559.373097648844,546.946558523923,561.222278603353,574.196617392823,562.396618045866,502.221223138273,511.321167159826,524.950198531151,519.506034163758
Mexico,62.1333287754096,65.0556725659408,66.6474981107749,72.1709116050042,79.106715482194,84.1721794423647,89.4616503533907,99.6678782780655,107.674022062682,120.859303543344,131.131719103549,138.872633147985,146.529596130364,165.143945745192,180.230136372149,198.123998258729,210.964457408292,221.337687100284,217.827070169151,226.529333256185,233.895106416079,230.372995032929,239.932728982298,240.957353765145,253.871947611915,280.810378313065,287.343984350562,290.929655350745,293.593382939696,317.967077217996,304.105945136398,313.646195866168,330.488452635705,346.78351778537,344.443564280868,370.319603536278,370.86004440859,389.05475824239,392.275539502123,413.554657236818,455.646822005088,459.151943256176,465.028569072485,475.74867544882,471.79160518758,466.833924740553,489.661677880678,499.401365603786,496.653150000609,482.808366133831,480.922312891111,491.096363190562,503.328334063059,489.033729542978,480.646255719708,413.351329858764,442.535578825336,469.267006419686,489.870606367869
US,3451.89186429977,3639.79498076439,3738.16125869751,3947.34351372719,4117.39621758461,4271.52808666229,4309.06861281395,4525.83079147339,4739.46249461174,4567.57995581627,4386.80038285255,4647.5628361702,4791.33659601212,4833.69952869415,4921.14261579514,4742.37445008755,4596.20598578453,4371.09416031837,4332.11680221558,4558.84152150154,4576.00670349598,4598.08561730385,4749.63411235809,4969.05356529355,5057.71476358175,4971.20952470414,4923.56810965762,5005.97073995788,5119.32596416585,5196.43149272725,5228.59152150061,5408.74652937334,5484.09630567208,5524.3797843901,5574.13191990182,5740.90974437818,5652.22211819049,5672.18586034095,5738.45992245339,5839.31923345802,5873.85035740212,5795.73737762449,5885.03391156252,5701.34536169143,5290.6369234696,5486.1923757242,5337.45665399684,5089.50015409477,5246.90243198164,5252.47458287235,5137.81308564451,5039.27580777928,4980.31275186763,5134.55278181192,4982.79867660697,4466.82932729647,4755.31025628466,4798.21862276737,4639.70848016068
Argentina,82.1680465769023,84.523454580456,86.8537241630256,89.3300465177745,92.1911513227969,85.9023148398846,90.8071723729372,91.5933854579926,94.928305150941,97.1394928367808,93.1466246498749,97.7961351736449,102.099445693195,99.4733548387885,106.056429941207,101.650932446122,97.2079339334741,97.1740102684125,100.097508652136,97.7682116748765,94.6333649437875,100.009146133438,104.623058410361,109.949078388512,107.207982702181,100.256535583641,102.837551794946,108.884859154234,107.679924310185,113.983777104877,118.927036487963,126.338733192068,125.013713863213,131.954986518482,136.46042261296,131.397382878233,120.70174987521,116.010469495784,125.429416325875,137.10854679998,145.253245327389,151.174680752447,164.288816985209,165.840013487265,157.988382890355,166.933825857006,173.064392258413,181.759086545557,187.562300806865,187.775475179777,191.201232603751,190.138319219463,188.469562500075,185.969652132419,174.644517177807,162.346358374237,183.477279382059,198.364871094935,190.918328460772
Brazil,51.52226589981,56.1663023734,58.0114854478743,68.1466797175817,74.257613114547,85.1042178124189,96.0681246519089,106.790411382914,127.290902212262,139.270806461573,145.133023455739,156.037997946143,162.11524271965,176.391140758991,186.481964752078,185.209348708391,179.145576529205,181.810874500079,173.512760914862,179.819277297705,185.041252172552,199.395455121528,205.803961554193,207.647947147489,211.432361930609,206.438173733652,213.371761888266,212.414314053953,222.519492909312,234.012788072228,253.603123635054,271.546639308333,289.090463668108,298.469527482986,301.183972835541,319.445204809308,328.161820126697,327.332642227411,324.599710792303,341.709938362241,345.290427699685,351.119786884636,371.229130253196,393.566252779216,368.789152968675,410.576663447544,427.982226487249,457.805010819808,487.027477545664,511.667746047489,494.770038139075,455.904726929963,461.652967642061,442.097082619555,435.520454919897,408.349879497662,461.633764056489,443.35995876696,451.048914286308
Chile,16.5480923131108,17.7636544331908,18.0893056988716,18.5618125498295,19.6802538633347,20.7596806809306,22.211288407445,21.8076119795442,21.2115602195263,20.60914720851,17.9502878289204,18.613317451207,19.4615835424047,20.2150508041959,21.533373697428,22.0811682108324,21.9397610276937,19.1764643925708,19.6429416972678,20.652705861954,20.1922597102821,20.6243935171515,21.3287526611239,25.2891901750118,30.7544306237251,31.6873948245775,32.7134617946576,33.3931725851726,35.6135670475196,38.7777664742898,42.2809317938518,47.6494558386039,54.93740043859,56.3575031000655,58.3409540485591,55.4837630074471,53.7877392750233,54.3214743919671,55.2882872652262,62.6693622171879,63.7821061294526,64.2969762710854,74.5538877502549,76.2347644050606,71.524752413854,74.5580693195807,82.7545170716476,85.5214260459179,88.9243206613755,87.2429898543924,87.3737658229074,92.2289468818749,93.8532768237301,93.4994417928451,94.8170737828448,85.1092777868616,93.8400853347848,92.9908286973077,86.4761414934183
Colombia,23.7538449987769,26.6883820146322,27.9045015573502,28.431615576148,28.4092379212379,31.1857930421829,29.88376557827,34.5782478451729,32.4491640031338,36.5421242117882,33.9519858211279,35.1780528575182,36.3263482749462,36.7439434528351,37.4394975751638,38.129905372858,38.8106042593718,39.6024719029665,42.1634360700846,41.6479907184839,42.5305217728019,42.9208582565188,47.6564450263977,45.6732265986502,47.838022056967,42.2417380772531,44.0569958016276,51.7898122817278,53.5978145860136,56.5446290783584,57.7153582796454,57.4490660652518,61.759465508163,63.0693582221866,55.1812816672027,55.1017050892115,55.3215882331133,53.3625990897417,53.5990697592497,56.1963894963264,53.1369381695986,66.5858833193779,66.4532005935907,70.4571492150426,71.2819171622396,77.0533186197281,75.2199060022831,83.4841713756323,89.1445378065109,94.9354263544083,87.6623382866383,102.266342297196,95.2647255063057,96.940153372474,99.6798808500171,89.62067149207,96.8263328913599,102.98974773474,110.207145826891
Ecuador,2.06851265579462,2.15055939555168,2.3124343007803,2.7633608430624,2.93198664486408,3.4808998554945,3.80288679897785,3.83942840993404,4.32080744951963,4.81038914620876,4.83390632271767,5.62021788954735,6.80158864893019,6.93136101216078,7.31010456010699,9.15445060096681,10.0321928262711,10.9251941405237,10.0633097533137,10.600992705673,12.8224631343037,13.0154179669917,13.0638305367902,15.6093396004289,15.8111782968044,16.6094215724152,18.7346110604703,18.7951371541712,18.81176033261,20.2319869177882,19.9098871228052,22.5007205149159,25.7030140631832,25.6656375308521,22.4465335286222,20.2706322516315,20.8805757821538,20.2875421815552,20.674659174867,23.0971272564493,25.2294225888327,26.7341867499053,26.999972326681,27.5672270059586,27.9116657394916,32.1664813635871,32.7690749736503,34.2087136683986,36.4889013264328,38.4226291207597,37.556963651441,35.4348986558616,34.4071141881868,37.2404630137607,35.7440434349701,29.2205845741555,36.188211674802,39.5894248308614,42.222698376514
Peru,12.1373625174165,14.9923331439495,15.0740294009447,15.2433471493423,15.2155891433358,15.9632204249501,15.961416579783,13.7931624315679,15.8839176259935,18.6084752120078,19.6484647244215,19.79799387604,19.8621105998755,19.6847358364612,20.3833624813706,21.9888958968222,22.5322444345802,22.4589932318777,19.1371593186632,19.8970899041742,18.9622444594279,20.3733041295782,22.4670137222856,22.0916591193527,19.7567970659584,19.526294907555,18.568491303362,19.1825987929478,19.9464988335967,21.5593877385836,24.1349775129929,25.240666768048,24.524785425514,25.0927398381755,25.4790296861902,25.6778946714476,24.125649462454,24.813606522046,24.0595219112001,27.3021583109585,28.1930149255058,26.9399423894938,30.4605342559516,33.9199302289635,33.7264585238372,39.0431723650036,43.7882584127874,44.818782929513,46.0409064125088,46.8399227056652,49.1587179512717,53.1516042789444,51.0420467588119,52.8447907604277,54.3920259694569,45.3308246284723,53.9854896478355,57.8853627839999,59.4651888856606
Trinidad & Tobago,7.66158482059836,8.00295576825738,8.47163904830813,8.70100329443812,9.02107645198703,9.71819495409727,9.87402255088091,14.3048082254827,14.1785537004471,13.3127924278378,10.2122592180967,11.7077357321978,11.745097771287,10.9547225534916,9.14096292853355,8.57289748638868,9.58150807768106,9.91852209717035,8.96657498180866,8.14405949786305,8.40068889036775,9.10278630256653,7.95388818159699,8.32778408937156,8.03479769825935,9.6477071121335,9.08080548606813,10.5907074455172,10.6780176237226,10.1513264514506,11.2645283322781,11.7926603285596,10.7998448461294,10.2793953677174,12.4064876153134,12.3161613327102,13.591232938722,15.0860492736101,17.8082386777387,18.7308367307414,19.9827346238599,22.9986640149145,23.6305421685684,23.7678005576017,22.2448494335476,24.6333303257707,24.8828149678302,24.1568210144469,25.0631289376179,24.6871023126732,23.7626144730893,21.479179635644,20.7066766880453,19.5917156338692,18.9571527391672,16.3545992225409,15.5223571956158,15.7539357990026,15.1788247227669
Venezuela,43.7415935844183,44.034360781312,45.994828723371,48.9523281492293,49.1021847724915,49.3614501841366,49.5425721891224,52.2862809821963,59.6767381951213,60.8316411972046,62.7073209621012,66.1901855058968,73.9136005491018,75.1877741888165,83.1524115502834,95.3675021529198,99.2197231203318,99.8414246812463,98.3736378327012,98.4707241691649,99.9917755499482,105.754640191793,101.248085808009,103.632034954615,106.408249881119,112.202721506357,106.240030296147,117.544155178592,114.736099962145,124.904761211947,128.17358553037,119.371844145469,127.154595340602,126.543775457889,122.012185942382,129.899360645562,143.041273031384,144.665056135505,125.999821081758,138.116089981049,140.429164571222,156.127789780032,164.424173444044,169.717014590278,173.937709960621,170.32522360119,177.955558024347,188.532966921106,186.123188339174,181.738133193925,172.056074857712,159.151413157582,149.905758082867,123.798852480948,111.328128620982,77.7340414039791,93.6047817245126,104.669709347188,120.847465910017
Central America,10.397008868269,10.7148508976243,11.1552530261106,11.5062532303564,11.9655733475374,12.4216770385829,12.8946815731761,13.6797919871169,15.0625890149531,15.9952563722036,17.902254782297,18.7096556892066,19.923418328457,20.1486902076867,20.3861113344028,19.0640256577753,18.4868547474616,18.4375520189642,18.1319487619039,18.3963374239975,18.7582628685923,18.713831625093,20.1073727749754,19.5257428395853,20.3254549896228,21.0535505897715,23.0626431331038,26.2694381590118,28.0903355882692,30.7638235788327,34.0387247776307,33.369236764298,35.9544956290993,41.4218858943204,40.7416240546736,42.1885386211798,45.4404554450084,46.2026307469932,48.1162250283523,49.6014374363585,48.9955758357955,51.8790400691141,54.2334078728163,55.2580474478891,53.9061002180206,55.0976138610531,57.0349761141417,58.6487922800006,60.0956799766864,61.8311681593113,68.7033415097493,71.608060152982,72.1405517424137,72.9024417796172,80.7375810282283,63.6650409924478,72.3536248708624,75.0268476734345,81.041361690186
Other Caribbean,48.6850355314673,50.1523269111276,52.2343879753316,53.3407312038835,56.424306328925,70.2458540220978,71.3827873279442,76.455626467141,84.5173209220957,83.6960999859875,81.0309284600226,82.3282979649521,86.668820054867,88.3349052233534,91.0087747381986,91.8279290582686,93.5233425008773,82.9385528467683,80.8500345707944,85.2545218101586,79.3273025777598,80.9851435422534,84.7017056904697,84.7595959966457,89.2037616029957,88.8707109149327,84.5431292444518,82.904931197533,84.2622597468624,88.9683709584574,86.9263854279161,88.2530092382778,93.7428777100649,96.9718050380288,90.4217916807138,112.018316875073,122.953398046064,121.791470836266,125.676403926254,127.383157352288,128.765110441025,132.408705992525,129.430077921717,118.289558576484,112.629661010668,112.539670578147,112.385759927901,108.31167780554,103.762700564486,105.485755047969,110.001710067181,112.800301356627,109.599715794488,112.051474983864,111.470739055339,101.170626170368,101.396731368844,101.005888226623,106.948931528289
Other South America,9.94305667842855,9.7950516569108,10.1175616472319,10.2465402640082,11.0291385111632,11.3156483615894,11.5995043118455,12.3442351917256,12.5715997355801,12.1967735644721,13.5401468484051,14.0251026826008,14.4029492803675,16.0688681389001,16.6678667367087,16.0171593269988,16.0058125464275,14.7672624878978,13.2146286494681,12.8505414842512,12.7965581981116,12.7082430242008,12.9963960744208,14.3258513457549,14.7707061890687,14.1045781950234,15.3266516716249,16.3314372324967,17.105372480175,17.9144944159198,20.5574863185175,21.3785889950814,21.1862234329456,21.677889914019,23.8242586796405,21.2046874422304,20.1847562155017,20.2132809197938,21.100657557512,22.6147406965356,23.2965784243424,24.0918938886389,26.366432318131,29.7523739011613,30.5524842480663,30.6585397018716,33.4358963928607,33.9549492960796,34.677293724669,35.2309757586936,35.6075453530066,37.3179725973901,38.218768924112,39.3675251319837,39.9864056918327,35.925462029435,41.4031390151986,42.6233360220585,43.7949734248859
Austria,39.5291782319546,39.8190968632698,40.1120296120644,43.0120203495026,46.052562057972,51.1515012430609,53.8256702470244,54.9173854040564,58.253887598461,55.5760375904501,53.5947480844916,58.4090922796458,54.1181511604518,56.8974069073156,59.3857686999545,58.1652195561037,54.8234290588007,52.1818132656917,51.6644499856338,53.5461319885508,54.6176120448217,54.133121259074,55.0726761496917,53.5596851087466,53.8253253824369,58.2711543510959,62.5692041027651,57.4061615797982,58.103599428694,58.2676825658709,61.579384724173,65.3632799140469,64.7912217462726,65.9660159661726,63.9741667541966,64.4525386146561,68.3875561273017,69.2809391408518,74.1927752709307,74.4668217321741,75.854292633092,73.2526722466428,70.3820096774871,70.3382868189801,63.4848829014663,68.3853260120377,65.5485322472523,62.4772522813873,62.7644076415454,59.0479395580478,61.5708080728655,62.0914814467542,64.498953026603,62.3371209456236,63.7979081332451,56.1853353874758,59.2803139925963,56.3394382950137,53.7995421816158
Belgium,124.712856009603,118.475941471756,123.429548718035,135.096056267619,144.444750439376,148.98690963164,142.065120350569,149.259746840224,147.142297374085,141.365466270596,126.049347144319,132.048829466105,131.608554888517,136.810020065866,142.242497678846,136.063248286955,129.38558749482,121.934922773391,109.25615417934,113.188957901672,114.228745359695,113.723191647325,115.214757340262,117.188596190419,119.750293199904,126.497669132426,130.7295908425,128.07084864378,126.065438730409,129.578454667702,128.92873125081,137.192246154649,135.914013238158,139.857707066694,133.263417835347,136.288176130969,136.339131545741,134.152004702948,141.249127525836,140.075043035671,136.186704708845,138.200201897183,137.742290878901,139.130068090744,124.645490248688,133.508226697333,120.61142017087,116.276083732722,117.338575215312,109.00983659178,115.22151762573,116.903016039636,118.832854359876,125.484002386685,121.789644516073,105.270405742573,113.911580211716,109.682130211324,103.275734482566
Bulgaria,36.7442125827074,39.2106651421636,45.2278642766178,51.0113423485309,55.7474800869823,62.3625747300684,64.5729353372008,66.6299846172333,68.6370477899909,69.8614354729652,75.1336772292852,75.9236478954554,78.4369312077761,82.0952772498131,84.9223415702581,89.1367149949074,85.4654906988144,87.0462779402733,85.9801213741302,85.0110331177711,84.8766351938248,87.8935843408108,87.7604970037937,86.5511713027954,86.7920742332935,74.3941347226501,59.9177448649425,58.2841942464001,60.418979617767,56.8564203367569,58.930591998389,56.9231265622657,56.1768631271552,53.9162919151131,46.1017296251375,43.4405156162102,46.3863520130981,44.5906336042099,48.4050585557707,46.4725823723711,48.3162583559752,49.1989879098255,52.5285017278511,50.1493992148899,43.3988713216968,45.5169268492609,50.4695247481577,45.8269844888709,40.7441452792846,43.1745456396602,45.881173891481,43.1391380727291,45.8731355592608,42.6706374813803,41.50397939299,36.0831083956291,41.955228486519,46.3991836548739,35.5001136967876
Croatia,0.0,0.0,0.0,0.0,0.0,0.0,0.0,0.0,0.0,0.0,0.0,0.0,0.0,0.0,0.0,0.0,0.0,0.0,0.0,0.0,0.0,0.0,0.0,0.0,0.0,21.2780810352415,14.799315164797,14.5026477975771,15.1674721688032,14.4566463655792,15.1190198343247,15.5348419491202,16.618281332776,17.9895895281807,18.5833317595534,17.4757259571925,18.4265954284929,19.5214778808877,20.8577329153195,20.1271825956646,20.6392438348848,20.6776482926216,21.8760076145409,20.9386316894088,19.6183635857888,18.846811640542,18.2048744782805,16.6210504511837,16.1106016947888,15.8243315371219,16.2426876308164,16.6875268484,17.1403096828144,16.3143065662589,16.2974814458285,14.9341563485796,15.6795033139642,15.9660839337157,15.9578797837021
Cyprus,1.2138395011425,1.34554040431976,1.464236572152,1.63106682873331,1.92265785578638,2.0436866665259,2.40204021055251,2.7420118721202,2.91870547644794,2.39597785845399,2.08354677818716,2.12158368341625,2.50313037447631,2.62309721065685,2.65694447560236,2.68539396999404,2.54292197525501,3.07458005845547,3.22491262853146,3.2299133092165,3.57322369329631,3.69895487651229,4.58815836720169,4.66847645491362,4.74238153547049,4.97018722724169,5.13932559918612,6.03914141189307,6.27754587586969,6.30860784929246,6.7428391193971,6.84658894967288,6.87375216465443,7.22512038331479,7.59081457834691,7.97593213897198,8.09013615082949,7.94556958507746,8.49319411348552,8.27733526285738,9.31671868544072,9.14211027277634,9.32207530690357,9.48236639378592,9.18095720885321,8.83989816484973,8.70295503688976,8.13505252404138,7.25213464302942,7.32507383078337,7.49776334688067,8.11264062824193,8.30900665093213,8.23003216460347,8.1891923956573,6.99108840897679,7.24536652490497,7.68382227420807,7.64855252206326
Czech Republic,156.201489638537,156.969636283815,153.764332005754,160.378977283835,167.23532929644,172.497356057167,180.951306372881,180.694853164256,180.628272652626,181.365995742381,188.127398848534,193.70360326767,199.191267132759,201.49170589447,202.563346877694,195.177166908979,194.292564973235,191.791309520602,191.540256530046,195.820274367929,193.922222778201,191.965843394399,190.639915883541,190.935731217265,184.932313099504,155.329375982285,143.210462659597,136.63615231216,134.087922543287,128.639054097235,130.180631184019,132.8777120905,127.159323984757,121.648513793014,113.924122574739,124.096755480394,125.08851008676,120.781002328731,123.997049966361,124.843768234365,123.425633841194,125.969200634398,125.55381245818,120.326195302652,113.531410358381,116.523322118912,113.073950331192,109.310672136489,104.980042932555,101.973591434769,102.773063716013,104.811865242431,104.789161681663,103.765569495037,98.2271285764873,88.4314754437655,92.850052902475,91.9139960017055,82.884306143038
Denmark,47.7091743350029,54.2816566824913,54.0182740688324,56.0946697890759,63.9070104956627,67.5316595137119,63.1619122624397,66.6360285282135,64.98134547472,59.204794973135,56.423518538475,62.4892400503159,63.8986082077026,65.7173676281236,66.2423545657657,66.177681916859,58.9206582740881,57.3976132143289,54.3930624956265,55.3066823724657,62.6698053944856,63.5974784204736,60.9778389343992,59.6638364039827,53.9845022913069,55.8463396001607,65.5215318854898,59.9940067259595,63.375456568785,68.1892336243764,65.3800986837596,79.0778106534854,69.16585507337,64.8615237427875,61.4952319795266,57.5251775318757,57.6796971065924,56.7913708100095,61.9900974621996,56.0102181611583,53.345024461858,61.2598386062309,56.7639779532328,54.2277093986049,50.5469997311011,52.2024511322379,46.5772476927377,41.3358744466677,43.0328335226513,39.2451035047416,36.7274565212429,38.0332587943412,35.4554711014498,35.7872256138362,32.5827566161752,27.4309985870495,28.79868426139,29.778715024353,28.4457133752294
Estonia,0.0,0.0,0.0,0.0,0.0,0.0,0.0,0.0,0.0,0.0,0.0,0.0,0.0,0.0,0.0,0.0,0.0,0.0,0.0,0.0,38.4415709599853,38.4623952656984,38.9410481527448,37.9523941576481,39.1677208542824,41.0546031370759,37.5026660338044,27.1710816957057,22.656100679189,22.7152429409325,20.5573379993439,21.7391668651253,21.4309941157699,18.9010783489794,17.2663815841079,17.8874213993549,18.4592182040215,18.5215579885989,20.4151873849332,20.5110398493707,20.3997266832739,19.9213949330151,23.6507027521729,21.5024410933256,18.5844293832779,23.4295848011971,23.4197071809322,22.8419043235481,24.4914317727089,23.5301580280066,21.3839488998055,22.2335099764168,24.513232845813,24.1002169176936,18.3467112928629,15.6744110062718,16.8222822453827,17.7957290261984,15.0158703774214
Finland,24.7426791489124,28.0843037255108,28.8730220161378,33.158796267584,38.8594561293721,43.1713601127267,43.3494261913002,44.8339885398746,50.4731067419052,46.0216334797442,46.9549064412713,53.2639514803886,52.499971061945,55.4858032707125,57.4091495424509,57.4668332189322,48.4953520782292,46.9654914494604,45.4945095796138,48.2505412083119,53.3585064280778,53.187400970608,56.0115652941167,55.2550991158932,55.6627807402983,57.4832540610805,56.7207525707781,54.633997740224,56.3130612969398,62.89206814114,58.6068813228048,64.821915612556,62.8374394187704,60.2023690948263,59.8673108052462,58.8472156831995,63.8311174688861,66.6426391163841,74.8876372538507,68.7735345475376,58.185751833953,68.5424901451916,66.3084507565945,58.5781922228634,56.1809976575896,63.9095279006287,57.073735488113,51.0401629186235,52.04412828153,47.6563496640883,44.9366109794937,47.7444387949072,45.1349599487148,46.5329645848833,43.3614429063164,36.7996987975203,36.3282358176075,35.8362537450157,31.6975550032221
France,342.222318410873,343.010836839676,367.755157589912,380.176667690277,415.090434968472,443.404698491096,460.588921666145,482.517560124397,524.17055606842,505.37486076355,464.229071378708,513.434741258621,501.969530105591,500.920203186572,512.567480400205,491.905733652413,444.662475384772,421.984527945518,404.378823399544,390.200958684087,384.851926036179,371.88433855772,367.843959361315,364.570528931916,375.733234800398,366.718545466661,394.03610381484,382.791322492063,363.927475236356,352.159890167415,363.035639040172,379.570161171257,366.896699279547,391.289799414575,387.458428703249,384.827452002093,382.731698580086,382.100244961679,389.67732578516,391.949316695333,390.517022974789,380.71906644851,371.629896089435,370.85937513411,354.696558982134,361.42897426337,338.210429012775,339.151653543115,339.489336229861,304.406016789377,308.871001135558,314.160032276064,319.090086031705,308.890131562948,301.511834796518,252.869022391737,278.647758200765,272.509486712515,254.558650590479
Germany,910.413861678913,901.037824960425,892.416100487113,944.755407135934,1011.92435311899,1043.39428463019,1045.12128419615,1067.32667798735,1116.42439974099,1085.32045680657,1025.29970288649,1093.41179403663,1072.5136217773,1052.74550189264,1104.19507082365,1077.81056442484,1043.90314632282,1003.33320779353,1017.9506957382,1038.33501030691,1045.81389202364,1037.26736287773,1031.4312885385,1017.01538105123,1003.81510851905,1007.6058922559,969.703221533448,923.715797998011,916.2724360805,896.931494873017,889.4009778779,914.8445438575,887.993365069851,879.036197326146,855.915473766159,854.428317626473,871.672561692074,859.047311184928,861.9914327804,847.525770925917,826.317635319196,843.777154650074,811.068209359422,809.368405384943,753.589845267124,783.163271063939,763.689910884947,773.001260591671,797.571558850817,751.080814980902,755.630976974033,767.410589136183,758.1945540905,731.0005779434,678.416249239817,602.96211279463,640.205585329793,631.751596268266,571.858679730853
Greece,22.5119746774435,23.7304749488831,25.9620364010334,27.2210288345814,27.8413708508015,29.8222652971745,37.219414293766,41.8605610132217,48.9381856322289,48.2491534352303,56.1707279086113,63.0641250014305,67.1328776478767,65.2072588093579,54.0832884162664,52.9388397037983,52.5962574891746,52.5844483245164,54.8445325419307,56.8823495209217,60.2277036905289,60.1342928837985,67.0610356554389,71.6532593350857,78.500685473904,81.5208635255694,81.5472223665565,84.1886587692425,85.3748666695319,86.6882251328789,88.7225109897554,89.8868123758584,93.3299921005964,98.8018009960651,97.2731815837324,102.602696429938,104.727037530392,103.744950730354,107.478092879057,107.435981549323,107.77825627476,108.287811055779,112.750828160904,108.6217540293,103.377245621756,95.3479091003537,95.4181048199534,89.079909324646,79.8835201915354,76.1373968212865,73.8302711900324,70.6848747618496,74.9556197686306,73.6233225269243,69.6107231134083,56.2664768956602,59.5664733562153,62.8370662427042,59.3594297755044
Hungary,59.502718899399,59.3480783998966,55.2824879065156,56.4211173243821,59.5304946675897,62.9687019735575,64.0807685106993,65.4430596530437,69.8895700871944,71.7069277912378,72.8123975843191,76.0794921219349,80.5127033889294,85.4849647730589,84.3878470361233,83.1017529219389,81.4666039943695,81.5769576728344,77.7611983716488,79.2794055491686,79.5263550877571,77.9090155512094,79.1985933482647,75.0561218559742,71.338960647583,70.9488002229482,65.6792549528182,62.1206337623298,58.2913356106728,58.1957065667957,57.9321028199047,58.7721840124577,57.2701486796141,57.8923256015405,58.8029039055109,55.4728660099208,56.8412463665009,55.3099800581113,58.0249716294929,57.3473068235908,57.3450794108212,56.9679564773105,54.9760005287826,53.7661611028016,48.2474950365722,48.7382549010217,48.723758764565,44.5883310313802,41.9888829938136,41.2808033402544,43.8331660008989,44.6633170696441,46.904857059475,47.3054334772751,47.115764584858,44.6415132725378,46.0350764020695,43.2522575462935,39.0987668450689
Iceland,1.49721612920985,1.60267944214866,1.54594220826402,1.65488592116162,1.50642885733396,1.52819733833894,1.66303491732106,1.77986455569044,2.03538924572058,1.90437368385028,1.78772537020268,1.81537566153565,1.88540192047367,2.00968356127851,1.9956496572122,1.8856697268784,1.88238786533475,1.72108659753576,1.74979807902128,1.87263627257198,1.87311354884878,1.91563589405268,1.98778539383784,2.08201652253047,2.23534812126309,2.2419265890494,2.12485880497843,2.2168407633435,2.3044341460336,2.32692331355065,2.37106301123276,2.62548397481441,2.60086104972288,2.60766445379704,2.6459611589089,2.78103727800772,2.65343230310827,2.75885622994974,2.79360835719854,2.88811939395964,2.87509736558422,2.93339983560145,3.05969332391396,2.79791925568134,2.61399806989357,2.53321656072512,2.51113519363571,2.50301477999892,2.64452705357689,2.60868795902934,2.89414195227437,2.76375214045402,3.09001915133558,3.25438553281128,2.82824714912567,1.81384687044192,2.10628118098248,2.62204846373061,2.44944481330458
Ireland,19.9826014339924,22.6733144298196,24.689882285893,29.2046717181802,29.1257428899407,21.4694849103689,22.4409886822104,23.2350635752082,24.2645032256842,24.758432045579,23.2373742759228,23.7899365723133,24.9809452146292,26.2160851485096,28.6860420955345,27.3723649531603,26.449154548347,26.0586323142052,25.7449026429094,25.3530763108283,26.8548159189522,28.6321251345798,29.7439702847041,29.0923490312416,29.814176151529,31.2292284127325,32.0056577357464,32.0551869641058,32.4922179444693,33.5503035220318,34.377959319856,36.0106451152824,37.2961839674972,39.946019643452,41.9435392073356,43.7946260026656,46.3951488188468,45.4737059413455,45.1755731939338,45.523969554808,47.7116512968205,48.0808412283659,48.344542812556,47.8097330909222,41.865834010765,42.1563371885568,38.6244422672316,38.5426354091614,37.4867969015613,37.1627227338031,38.7211768142879,40.4463183274493,39.2853472059942,39.0590860219672,37.6377776563168,33.4394520335482,35.5381284798495,36.2446948303841,33.9538489763509
Italy,204.869314789772,222.682219147682,246.182066202164,266.468075990677,288.272615671158,320.409192800522,342.310682296753,357.75973045826,374.834041595459,374.931228995323,368.743285655975,384.346571564674,378.73765540123,377.157845318317,388.844630986452,383.184525251389,374.05026113987,370.584855139256,353.131542084739,355.45539615117,354.390070425346,362.554381679744,378.15894314833,383.848784500733,403.216770453379,403.780745267868,407.194769263268,403.616184055805,396.509041830897,393.378485765308,413.115588217974,407.862855784595,414.461300965399,426.313588041812,427.213159918785,434.378503691405,429.516382791102,433.011253453791,450.80841460824,468.291441172361,470.196630122606,467.080607939046,458.033934581093,442.477927426808,391.535374139319,397.116140070371,388.546822672593,370.985699497163,341.372085637064,318.792961503728,334.375707591651,331.401742883667,335.46113600058,336.082356612518,328.553350228729,286.278511665587,318.198312432185,324.875774554253,301.279991345669
Latvia,0.0,0.0,0.0,0.0,0.0,0.0,0.0,0.0,0.0,0.0,0.0,0.0,0.0,0.0,0.0,0.0,0.0,0.0,0.0,0.0,25.224327608943,23.3277210742235,20.3213468566537,19.4148798584938,18.7991672828794,18.4454596936703,17.5852569453418,12.8494277633727,10.7571711540222,9.87373607233167,9.13206346333027,9.19726725481451,8.30995869077742,8.03126328345388,7.38043794035912,6.9463108102791,7.70813059806824,7.91200882941484,7.88204391300678,8.45562500227243,8.67960041575134,8.44249654468149,8.81858093012124,8.64239397831261,7.93511599185877,9.23593000601977,8.29910491779447,8.03657376999035,7.95003894623369,7.65519370697439,7.85109108686447,8.16901394654997,8.01943328324705,7.75599349197,8.4031937927939,7.10831363755278,7.45445582468528,6.66635864088312,6.52911443263292
Lithuania,0.0,0.0,0.0,0.0,0.0,0.0,0.0,0.0,0.0,0.0,0.0,0.0,0.0,0.0,0.0,0.0,0.0,0.0,0.0,0.0,37.4307280629873,33.5510801672935,36.0013995468616,35.3888106197119,36.2317758351564,34.1677595474757,36.5431808778085,20.9341293899342,16.7097271187231,15.7010004457552,14.5584976347163,15.123845314607,14.4860127596185,15.2374321864918,12.7676610895433,11.0128980712034,11.7064581499435,11.6283899012487,11.7465276520234,12.243921150919,13.2027357090265,13.3346170536242,13.3067557204049,13.5028208168223,12.2314545637928,13.283374490682,12.5027126236819,12.4516373192891,11.6753358542919,11.0106608909555,11.3318788642064,11.821742111817,11.9514129484305,12.6293869100045,12.4414126869524,12.0879571387777,12.3766470017144,11.8827974951128,11.7038747861516
Luxembourg,13.3838906460442,12.7047143047675,12.4051566971466,13.4019688582048,14.4090778739192,14.9275083099492,14.2474511782639,14.5406926660798,15.2184063671157,15.4459472349845,12.585638538003,12.4655230566859,11.4292195737362,11.8774843215942,12.3004616736434,11.401738576591,9.64013899117708,9.03388438513502,8.42035929858685,9.15963653475046,9.40156906843185,9.07995181530714,8.29462200403213,8.49685464426875,9.87147598480806,10.3209716989659,10.9852958931588,10.955761720892,11.1252333163284,10.5632147802971,8.70375601714477,8.93059983989224,8.54850451508537,8.02524260850623,8.50023177964613,9.03722444036976,9.70576764235739,10.4637418618076,11.009677276772,12.5008732145652,12.7869840888306,12.4943105102866,12.0080252256594,11.942217066593,11.3621517881984,11.9610877248924,11.7281626235927,11.417093219934,10.8835250230622,10.482157242368,10.1470716297044,9.98928235069616,10.3220841140137,10.7602377213771,10.880075514433,9.00008699542377,9.65027987613576,8.60407390922774,8.273884785478
Netherlands,112.976275205612,117.761197805405,122.832077503204,138.220662117004,149.094777584076,166.951098442078,171.881858348846,196.733019828796,206.285069227219,189.181993246078,184.916504383087,203.407371759415,200.011607646942,184.61615483975,191.329408808611,180.937812425196,174.021200351883,168.436620547902,164.706631713547,169.774643689394,172.747242171783,174.908155987971,182.464654433541,187.823206213769,188.416150386445,192.072298226412,199.80112975603,200.254128796514,205.069992614444,202.320570492651,208.623788052704,219.588815917727,217.279298651032,218.09576876089,215.159145344049,216.214857993647,225.91965562664,225.97053530626,225.445814826526,231.413158078678,233.102168823592,231.60129842069,229.13223626744,227.219720858149,217.675410329364,229.855543640442,220.863217596896,215.733153608628,211.370651468169,202.542843749281,207.578062120558,208.015714074718,204.301916767246,198.155008923364,193.732116536004,173.119137478294,176.850884303916,164.814352058573,156.070250657387
North Macedonia,0.0,0.0,0.0,0.0,0.0,0.0,0.0,0.0,0.0,0.0,0.0,0.0,0.0,0.0,0.0,0.0,0.0,0.0,0.0,0.0,0.0,0.0,0.0,0.0,0.0,8.76303921826184,8.54181317798793,8.74646115861833,9.05700754188001,8.45957778673619,8.44147586263716,9.63883918337524,8.60672270879149,9.92831657268107,9.1010277569294,8.73610030859709,8.81643805652857,8.28391394764185,8.99975704215467,8.72589287348092,9.18887278810143,9.18339083343744,9.62402476370335,9.47691087238491,8.81805841159075,8.63517383299768,9.5507036941126,9.10967125184834,8.11195223266259,7.6802461149091,7.42609851807356,7.50315409898758,7.79532589018345,7.50469915568829,8.27035766839981,7.04121138341725,7.09178107604384,7.88333169487305,8.22345105558634
Norway,17.7143175899982,19.4172468483448,19.9924001991749,21.8961548805237,23.9599391222,26.7498799264431,26.5027626752853,27.904402717948,28.0215088129044,26.2063837647438,26.8867726325989,29.6238958537579,29.4583186656237,31.2716786524979,32.6472020954825,30.114650759846,28.5010339189321,27.3317820231896,27.2890635156073,27.3148948010057,28.689577402547,31.0828130748123,30.2062524922658,29.7894726004452,30.1965865585953,29.9625140959397,28.8117694268003,29.4157691979781,30.3687855852768,32.2443811232224,32.7985652065836,35.7101798607036,36.9075297689997,37.6374526619911,37.7137869894505,35.6458069616929,35.8380812043324,35.7853215243667,37.1785049671307,37.4741963651031,36.8421278847381,37.009380530566,37.46321051009,36.373961172998,35.868231181521,38.1025947993621,37.5540150823072,37.3587764678523,37.5011191596277,37.383390869014,37.959638540633,37.0153102008626,37.1485796542838,37.3231827579439,36.0288850734942,33.7051520622335,34.6130205765367,34.6549507512245,34.0112354820594
Poland,252.960257638246,257.243617594242,263.501853100955,281.553899295628,299.019257992506,312.789023995399,321.879372745752,339.421733915806,342.696245640516,352.118256777525,380.052990287542,400.629171788692,417.369955956936,437.467853248119,443.789642870426,465.863913297653,419.331412792206,428.60792350769,429.648764640093,447.313074856997,457.671855777502,469.385766841471,485.60150510259,474.798647306859,456.637983923778,373.501178990584,368.445716617629,353.123167182319,352.233616275713,334.297301920131,341.335772689432,355.0456842985,350.497575396672,330.883203227073,323.782714175992,299.775503479876,297.853761696257,294.413712098496,303.515956764575,301.898916860577,306.825477126054,319.200201074127,314.904069429263,316.687122339848,302.81920630578,320.774211428594,320.467676328961,305.051789430436,307.544004627503,290.316453022417,290.06522618793,303.233659332618,316.038786138641,320.668529339775,302.52294236602,284.294440068188,310.283598719863,294.534658373799,270.282647621818
Portugal,10.5238207876682,10.7598038613796,11.6159573197365,12.0474487841129,12.3800015747547,14.8874779697508,16.487937066704,17.6835631802678,20.1000258512795,20.995755857788,21.8316687438637,22.8407177091576,22.1779525023885,23.3005136596039,24.9039988662116,26.3366739123594,28.3351907951292,28.3831271824893,29.4692989217583,28.3543256013654,27.4015489050071,30.9372886215569,31.5791744538583,32.572077235207,40.9659934374504,40.2138835694641,43.2928581975866,47.7614171046298,46.720863181632,47.7415267103352,53.3904820349999,50.7928564599715,51.4638902484439,57.2297557452694,62.5326196812093,61.5352787468582,60.521882686764,63.7895932313986,60.4073993791826,62.3954432518221,64.9286649199203,59.9125690148212,58.4811990465969,57.1851204414852,56.6838471577503,51.2659477898851,51.1038482156582,50.3728844721336,48.7685391157866,48.0261127976701,52.613186486531,52.043442385504,57.3046367708594,54.2915306333452,50.2881834151922,40.5072964694118,39.1270703804912,42.1568738671485,39.7430734400405
Romania,68.0523266792297,72.5192854106426,80.7359207198024,86.0088782832026,98.564124263823,105.00484828651,110.139004036784,114.565979827195,125.790553018451,125.972253378481,136.82971644029,148.015917297453,156.232626315206,169.399460252374,174.239816661924,174.482700504363,174.43161354214,172.400744535029,174.179762579501,171.792403258383,172.520366944373,178.011505104601,186.186175979674,188.147250887007,189.415286179632,178.235406156629,143.327739931643,125.123385239393,122.211619378068,117.872410630924,127.647992374725,126.190867398633,115.060935058631,101.717141870409,86.3357688458636,88.8579946197569,90.9376823911443,94.101479889825,98.1994296237826,98.9494670419954,96.1715314891189,101.328344468493,98.4477777024731,95.1505025243387,80.8481856780127,78.250207115896,84.9710678153206,81.7989925687434,70.4334814301692,70.7302480540238,71.52972026309,69.1208721394651,72.6408019807131,72.2407157775015,70.7494834582321,64.4733481446747,69.5649574708659,64.8415717799217,59.8695444964105
Slovakia,31.0505892150104,32.0714684762061,32.1724639981985,35.1095249019563,37.0218580067158,39.7380359768867,42.5236179530621,44.3187894225121,45.6988596618176,46.7945019751787,49.0039954558015,50.4562710225582,52.7783748954535,55.5037740767002,56.5398883223534,56.7753045856953,55.8725978285074,55.0188975781202,54.8341348916292,58.7641187310219,58.5271957218647,55.729345023632,56.82409709692,57.4228952527046,53.4341293498874,54.8336021732539,48.4840053021908,45.9534351527691,43.2329255593941,40.13061670959,40.7804032890126,40.9150391072035,39.5108599900268,39.123194466345,38.2521540895104,36.3341354727745,39.0705318315886,38.5512138172053,39.1433724104427,38.3465642472729,39.1687723174691,38.0845674872398,35.8462097728625,36.7675243094563,33.7012362889946,36.2323129922152,33.9909652452916,32.4632979026064,32.5805806210265,30.0427848128602,30.4210141003132,30.8486099913716,32.9316263049841,32.3373086079955,29.9940631762147,27.8002920895815,31.2886367067695,28.3759359270334,27.6280562281609
Slovenia,0.0,0.0,0.0,0.0,0.0,0.0,0.0,0.0,0.0,0.0,0.0,0.0,0.0,0.0,0.0,0.0,0.0,0.0,0.0,0.0,0.0,0.0,0.0,0.0,0.0,13.2596426382661,12.4465720606968,12.2161228200421,12.9766239007004,13.0985172977671,13.9034664747305,14.6368513260968,15.1883960110135,14.6517782760784,14.216796069406,13.9532616860233,14.6974165826105,14.9542688061483,14.7871262212284,15.012845764868,15.2793231224641,15.6398593476042,15.6882681911811,16.8229383369908,14.9733597761951,15.2349289744161,15.2083247262053,14.6943936529569,14.0866134627722,12.6264665736817,12.6956030395813,13.6260574657936,13.8665197224764,13.9374901915435,13.2788369206828,11.8843566414143,12.0890910338494,11.6071863058314,10.3834147709713
Spain,80.4331026077271,84.7157570719719,95.4819157719612,99.1360691785812,108.563270270824,121.057830169797,126.779873549938,135.541159033775,155.435689210892,162.006114959717,168.380002781749,185.196831978858,179.167264401913,174.13621936366,186.596175599843,208.23259135196,211.938658181578,208.613488062751,211.400820616633,201.850270394236,194.386295248754,196.914089947939,203.441457092762,196.4681657888,217.193715687841,214.601548252627,220.410503052175,241.01282414794,226.029081370682,234.133022285998,247.915683053434,244.21286612004,264.85906124441,274.545746773481,299.504312194884,311.018198745325,313.210811045021,334.217996686697,340.872913785279,359.75863051787,374.39242597064,366.182165982667,377.049347420223,350.61342983623,312.287713668891,295.993531669257,304.987428984256,302.544841866591,273.528585161082,271.077100784692,286.894827664073,279.366312838509,297.094233608223,291.404490597895,274.565593394276,221.435656396614,242.299408970983,260.311212230386,246.79965391304
Sweden,68.7826337814331,76.0626022219658,75.1806842088699,83.7708097696304,88.7541353702545,96.9173244535923,89.8220560401678,91.3622829914093,93.0977338850498,86.0234017670155,85.4024747759104,92.940282613039,89.2423641085625,104.735332375625,114.443576037884,100.329155604355,89.5579810822383,83.447516836226,73.6094106230885,71.4256401378661,79.2200596034527,84.4828589148819,73.7406129175797,69.1420416012406,66.4496459905058,56.5620653163642,57.4790818020701,60.6927286880091,61.3130829059519,64.2345080422238,63.810175139457,69.1746465098113,63.8351039951667,65.7312787855044,64.4360059937462,60.1506237080321,60.0176073843613,59.6224117698148,60.9161200970411,60.6290384819731,56.9486419465393,57.9237412684597,55.8808378949761,55.1146568381228,50.9609565534629,55.2723153512925,50.4106245981529,47.3619099967182,45.6255254396237,44.4803619824816,44.6852696256246,44.8222920559347,44.9258649135008,40.8645291361026,41.2166625813115,38.9360891198739,41.208152082283,37.7658871668391,35.7527773883194
Switzerland,29.2340775132179,29.6551731228828,31.3439244031906,34.2912093997002,36.9074893484358,40.414458617568,42.0608404129744,42.9387999922037,46.1911308467388,41.3311575055122,39.8672995567322,41.5948151946068,42.1132201552391,42.5645845942199,40.9824333321303,41.6090307850391,39.3597144354135,37.2330371811986,40.7800716608763,40.1436511897482,41.265799485147,44.3222451675683,41.9078163485974,41.7230970943347,40.3850940437987,43.2764504710212,44.1730786394328,44.6389539120719,42.204662225442,43.44255735958,40.9257313956041,42.5043507292867,44.2021447252482,44.7479913253337,44.1557908318937,43.1126062124968,46.2318831607699,43.9383200723678,43.2143679894507,44.3140276418999,44.7394755883142,44.3338825972751,42.6403488563374,44.3669078536332,43.1199286077172,44.6366583900526,40.8164009787142,42.2515963518526,43.3530834645499,38.9007782852277,39.5869713397697,38.0525948121212,38.8582618264481,37.1229701277334,38.199135132134,32.5938058278989,33.2799774091691,32.7513247274328,32.7299348732922
Turkey,25.1395131349564,28.9554814100266,29.0774316042662,32.271513313055,35.1577660292387,39.2789382822812,43.9165040235966,48.9309932049364,54.221545368433,56.4716495722532,60.6552663687617,66.8453073743731,73.1053835060447,77.1358635425568,71.6697945590131,74.6554579436779,74.1634694724344,81.4093901030719,87.1406581029296,91.4379304125905,100.398610398173,109.016863942146,118.489280700684,115.890928566456,129.092493623495,136.239705175161,139.627301499248,143.729739293456,148.340598553419,146.985276639462,161.115090057254,175.180831555277,184.991419870406,186.856920175254,187.555287916213,205.693049065769,186.10211750865,196.86824583821,208.880247317255,216.429114475846,224.822190593928,247.988467663527,272.772728964686,276.349395021796,275.284502759576,276.299870043993,298.832418084145,314.436693325639,303.294139191508,335.135121941566,341.133595883846,359.188400740735,404.176574453712,401.849750410765,393.995213543996,384.638171957806,420.72744698124,420.403118090704,411.101556171663
Ukraine,0.0,0.0,0.0,0.0,0.0,0.0,0.0,0.0,0.0,0.0,0.0,0.0,0.0,0.0,0.0,0.0,0.0,0.0,0.0,0.0,694.399499177933,701.821202874184,709.900287330151,686.181404411793,652.892358660698,761.947214543819,708.141543090343,603.585170790553,519.90088343434,431.724848050624,423.118208840489,366.480728317052,352.703455101699,340.986164581031,335.039675787091,335.907543448731,329.322660954203,329.266756887548,336.630409905221,317.513697312213,315.456766933203,324.389073748142,327.460097514093,317.163677569479,272.374842856079,288.700623951852,303.227313123643,299.051528226584,286.478586532176,246.841769397259,195.131715942174,215.623753294349,187.850634165108,198.6744652614,185.515886969864,171.47602141276,167.651769410819,109.371530607343,105.323960445821
United Kingdom,688.098034620285,680.946946263313,670.097427129745,689.743000030518,707.625731110573,724.542522311211,697.427705526352,690.536806583405,728.67754304409,675.237678647041,635.95572334528,645.729595661163,654.039856493473,637.790815988556,665.217076358385,606.536246987991,584.83442884963,567.244322049432,562.454163658433,538.616549809463,572.639659000095,590.804562501609,594.309972105082,594.264343321323,584.304634071887,595.182391434908,605.483846850693,588.581197857857,574.63127630949,561.366642229259,558.801939748228,579.373826310039,559.856279574335,560.24550088495,551.058205574751,566.589943192899,577.341920465231,557.837622694671,567.881293542683,575.729380317032,580.181822242215,583.115512609482,572.354758158326,562.543002672493,513.501050792634,527.795139499009,491.0800800547,509.43317823112,499.022706270218,458.012206483632,440.851215194911,413.787891555578,403.627247881144,397.086988102645,381.822308752686,320.882058540359,339.430060449056,341.126516608172,327.304686969379
Other Europe,50.3331245026784,51.7877549520927,50.4786101180362,54.8635591064813,56.0723759635584,62.2193663852522,73.3267520816298,74.0064206891693,78.3989085986977,83.8556510733324,86.3785882232478,91.5219121234331,95.8269851754148,104.386939562527,113.329754791308,107.760290313749,114.47183762958,118.479124135019,127.631765427928,134.571419922842,169.812749993501,175.779691596112,171.68566930044,177.70615982713,172.598509100909,131.866183257291,109.902689385176,96.7645227732294,84.1301923551873,65.9327613683997,69.4078746153823,72.9350879190094,82.919072392684,85.7684204398029,74.8166151386631,84.5936448795146,89.4038141873243,95.0050322616135,101.787157480543,107.642892850749,104.432774995418,108.798790277815,110.198322472368,111.246656991933,111.597929613124,111.491743143315,119.674766909938,111.604624597178,113.291617566093,102.264698503236,111.6661945037,116.535929965771,120.379268484693,119.441674487571,119.869207095591,117.899178174793,118.222107365136,119.778404074057,118.252087651147
Azerbaijan,0.0,0.0,0.0,0.0,0.0,0.0,0.0,0.0,0.0,0.0,0.0,0.0,0.0,0.0,0.0,0.0,0.0,0.0,0.0,0.0,50.404422223568,54.2361192703247,52.2281813621521,52.1880148053169,52.8983798325062,54.3796887099743,52.0028304457664,44.0694356746972,41.4863859945908,37.8758796844631,35.8527298001572,29.2791812168434,27.8742387043312,27.8541702777147,27.3164464384317,28.5534252226353,26.264766019769,25.9497624915093,28.04721601028,30.8441112192813,33.5340677285567,33.2612045193091,30.6617783214897,29.7463558046147,25.3369273692369,24.2475691526197,28.6544948257506,29.7149651823565,30.3818501979113,31.1886639362201,33.6960868565657,33.2380669522099,32.1873322245665,34.3350485339761,34.3491038567154,34.452092423453,36.623878613289,39.2610555221036,42.421452567185
Belarus,0.0,0.0,0.0,0.0,0.0,0.0,0.0,0.0,0.0,0.0,0.0,0.0,0.0,0.0,0.0,0.0,0.0,0.0,0.0,0.0,89.6167977154255,102.257905870676,102.67548558116,103.387668073177,99.3098641335964,92.5568259954453,93.2205410301685,88.2830899506807,75.289619885385,62.7386539280415,55.2084730267525,56.6904895715415,57.1990195866674,55.5427874960005,53.5445773694664,52.5803474951535,50.2157100345939,50.5309048295021,49.4758837390691,56.1338223125786,57.1911611668766,59.5064934231341,58.3404693510383,61.071041231975,59.113859673962,62.3010366857052,59.1371086612344,60.7100007459521,60.0024074371904,59.0684370277449,54.7701070336625,54.9289380125701,55.6161356894299,60.4710040390491,60.8209276823327,55.785663255956,56.978742623236,55.1205577193759,52.4942802726291
Kazakhstan,0.0,0.0,0.0,0.0,0.0,0.0,0.0,0.0,0.0,0.0,0.0,0.0,0.0,0.0,0.0,0.0,0.0,0.0,0.0,0.0,231.177821040154,236.356098890305,240.973928570747,248.647558808327,242.09192442894,240.602578878403,238.266338586807,236.30837649107,208.546416938305,192.752164840698,168.867414593697,146.982061266899,129.935789763927,122.950011715293,114.152933552861,101.549015283585,117.736028373241,119.704233646393,131.776196718216,141.045191611163,143.744297344238,155.017864496447,169.82334327884,184.912836436182,165.904351355508,177.851742087863,201.3064145362,211.244095914066,210.803705450147,218.043970502913,175.227251622826,197.031618088484,211.338711168617,218.613586802036,216.991912591504,199.259576896206,221.756936461898,220.864038929809,221.150652256329
Russian Federation,0.0,0.0,0.0,0.0,0.0,0.0,0.0,0.0,0.0,0.0,0.0,0.0,0.0,0.0,0.0,0.0,0.0,0.0,0.0,0.0,2172.39848637581,2210.80469751358,2268.32931637764,2291.76297056675,2290.07551598549,2233.92052006721,2167.9206277132,2072.56276428699,1895.20904052258,1726.27327871323,1616.41811016202,1562.94585886598,1463.65520983934,1445.30587418377,1445.81397281587,1452.7630507946,1466.07267549634,1465.73526369035,1494.67541180551,1489.99079182558,1465.73397496715,1536.64744075714,1528.25193347037,1555.36872521043,1446.54310686886,1492.25429981574,1558.76532268524,1580.61103332043,1548.77117156982,1551.47673738003,1520.8076454401,1529.32150065899,1516.93088781834,1573.33783566952,1557.13650655746,1461.06487941742,1512.39738988876,1599.05556821823,1614.73365592957
Turkmenistan,0.0,0.0,0.0,0.0,0.0,0.0,0.0,0.0,0.0,0.0,0.0,0.0,0.0,0.0,0.0,0.0,0.0,0.0,0.0,0.0,33.1940910816193,39.2327643632889,39.0394170880318,39.2015759348869,40.2599025964737,37.2837951779366,33.3245570361614,31.0822826474905,28.251526363194,29.7578029502183,22.7471096459776,34.1908501386642,27.2171389013529,30.5155328214169,26.5472477078438,29.6024484038353,33.3385095447302,29.42039462924,36.7350728213787,41.8303746581078,38.7753213644028,39.8049834668636,36.5489834547043,35.5809518992901,49.1078015565872,53.6004293262959,57.3031693994999,68.6575263738632,58.2394035756588,61.9677795469761,68.8900249004364,75.9711149930954,69.8088778555393,78.4705545604229,74.4057469069958,93.9861095249653,93.4143744260073,95.3859263807535,93.8653262853622
USSR,1907.25774717331,2014.71329641342,2106.96020936966,2157.95735359192,2243.89966392517,2320.89204406738,2415.11675643921,2529.79840660095,2639.71348762512,2742.35751152039,2872.30565071106,2959.42167472839,3059.37308502197,3158.51390647888,3217.7640838623,3237.44429588318,3275.40664386749,3340.23661994934,3381.34328365326,3445.15372562408,0.0,0.0,0.0,0.0,0.0,0.0,0.0,0.0,0.0,0.0,0.0,0.0,0.0,0.0,0.0,0.0,0.0,0.0,0.0,0.0,0.0,0.0,0.0,0.0,0.0,0.0,0.0,0.0,0.0,0.0,0.0,0.0,0.0,0.0,0.0,0.0,0.0,0.0,0.0
Uzbekistan,0.0,0.0,0.0,0.0,0.0,0.0,0.0,0.0,0.0,0.0,0.0,0.0,0.0,0.0,0.0,0.0,0.0,0.0,0.0,0.0,95.6105085462332,94.6685851514339,96.7998760640621,97.5697890669107,102.228724598885,106.081915423274,104.235191643238,98.7938937544823,102.686626151204,96.6343826949596,103.409690599889,106.253999311477,105.641145166941,105.645943511277,118.109975321218,120.845923768356,120.760343958624,123.782440977171,110.699954257347,111.959533366375,112.832951051183,106.114390061703,111.446267365478,105.990243231412,104.753266460728,103.376956108492,109.591791016515,108.175882968586,109.374852939509,113.977092066314,107.591447235551,103.626566698309,105.417051119264,109.001764662098,108.916240235325,110.839915473014,115.650908709154,120.694178696605,120.070193237043
Other CIS,0.0,0.0,0.0,0.0,0.0,0.0,0.0,0.0,0.0,0.0,0.0,0.0,0.0,0.0,0.0,0.0,0.0,0.0,0.0,0.0,79.2743692398071,78.2461213991046,79.9747039116919,82.6300959326327,82.1657061688602,83.7907703146338,66.9663076922297,52.0208565853536,35.6925790894311,24.9207728970796,20.6623909876216,21.580718717305,21.143442414701,21.2252187309787,17.4860511542647,16.0596382518997,16.0092517160811,16.1987623736495,16.4116290374659,18.3477539271116,19.4947833714541,20.2913244888186,22.9604450017214,24.4130424503237,23.6482448014431,23.1108754216693,24.4843390774913,26.2731536482461,25.2590264598839,27.5118861200026,28.8621761992399,29.3389544112579,29.7822081938502,33.3081171905505,31.3480257917981,31.8502562702633,33.6071145805763,32.9310023679864,34.1012669872143
Iran,21.2263152077794,23.4341131523252,26.1148918271065,29.0438679456711,32.112802118063,37.7491664588451,40.8710246086121,46.100158393383,56.5062054991722,63.2882587909698,74.3950614631176,85.011291205883,96.0511001348495,93.3420540988445,102.042579889297,95.0799997448921,97.0640737861395,109.431889541447,130.159715533257,140.818933740258,153.816440321505,143.750272870064,152.711031705141,154.401178846601,169.089630050585,181.774492479395,201.471139641013,217.835487439763,202.70839172462,227.428238902707,236.590120373759,251.053921660408,259.767129892949,267.891874487046,289.548463496845,304.892298408784,323.890027510002,350.937888296787,354.976214049617,387.086042784853,409.091879878193,443.454520953819,469.539093230851,488.64393236069,493.573321882868,504.386552607641,516.244995044777,521.824515904766,542.788804867771,552.268200726132,546.918154428829,567.151902161771,575.754519604146,602.321006782353,627.370007634861,653.16756800632,649.254191880347,677.156341774622,683.640249478165
Iraq,5.82566248252988,6.37766930088401,6.51421203650534,6.92833165451884,7.88649590685964,9.91029945760965,10.7867012545466,12.7827942222357,12.4683155119419,12.1137613654137,12.890903532505,16.1495126485825,17.2890103757381,16.280572116375,19.9347491264343,24.1595966815948,22.8845996856689,23.9363641142845,27.8886212110519,30.9043168723583,35.3728319704533,40.6638323962688,45.6601740717888,52.4490358233452,59.7700687050819,54.83086591959,36.3565173475072,56.733754966408,76.4802340604365,86.9595737792552,85.8808759786189,86.4049472566694,103.873555883765,76.6684375405312,55.230477809906,80.0985468626022,89.7980999946594,84.779570877552,74.8858303278685,80.4352729320526,75.6734462976456,72.9892332553864,71.9099285006523,83.6355740129948,81.9860441982746,92.2266785502434,94.172553896904,103.300285458565,114.143893480301,112.313056230545,110.616192162037,118.801075041294,140.420266866684,144.509528040886,151.472854107618,134.666132092476,141.947514295578,159.877533391118,168.223794221878
Israel,10.5937795219943,10.9815187742934,13.3115618303418,13.4981009690091,15.3458104189485,16.2907804418355,18.4795779641718,17.3061494324356,18.8392173312604,18.8713685158291,19.1014499719604,19.6050507624168,20.6223344679456,22.3947400471661,22.8076737042575,23.246220890609,23.7758040222161,26.0393103081151,26.4142787344754,28.1140243472764,26.4884954690933,27.7086521508172,29.4655537861399,31.6683247992769,33.4608164280653,34.748434335459,35.4022314390168,41.4202283932827,44.5157043154177,46.7685575756477,52.2493414292112,55.2058966346085,59.2674506437033,61.7146157985553,63.7284349482507,60.2397266207263,61.2228716933168,62.8480009566993,64.5947176553309,64.5737546104938,64.8399007637054,65.5371756572276,67.3573553133756,68.2790024448186,65.9343088660389,67.7703196527436,68.5181806846522,74.1672964170575,66.8163865599781,64.003092831932,66.6817819499411,65.9906521467492,66.5396971805021,67.0927720172331,69.1289443168789,62.9260156466626,63.4389672679827,67.2050223378465,65.5092658726498
Kuwait,16.6351937949657,17.3680015206337,17.6602385044098,18.5472737550735,18.9788248538971,15.4342994093895,15.3913336023688,16.9946654215455,16.9060636162758,16.1932285651565,14.3823265433311,17.1548523679376,17.5096822828054,19.2168812155724,23.4013778120279,19.2864460139535,25.3730515367351,25.5124952844344,28.4576405338012,29.9996085367166,28.7362081459723,32.5743572763167,30.3274734667502,33.5990944555961,35.7614674768411,21.6495468220674,11.7358875027858,19.7605745992623,22.8233843273483,26.9238439872861,33.7721534213051,33.385577134788,34.462261673063,41.6711860597134,43.7602075263858,46.6335568417926,47.3858987747808,51.1409788698656,62.0848148257064,70.0509527081449,77.315978243947,73.4530135691166,71.0479619320249,76.8770852063317,76.7662346959114,87.4257930228487,86.3004310950637,85.9930743724108,93.2484762370586,90.0190958380699,97.0987145900726,96.3377003669739,96.6563230454922,100.325962275267,91.1332221031189,85.2470384538174,91.2679266631603,92.0665959715843,93.936703145504
Oman,0.0253759410697967,0.0316915740258992,0.13833271432668,0.16637637745589,0.240252669900656,0.243737607263029,4.29110320238397,4.90565201640129,4.26113749109209,3.8968084580265,3.53129820059985,4.0154435983859,3.77775399154052,4.23730961373076,4.75943983485922,3.94074593251571,4.07457373803481,4.53818093566224,5.16457697143778,6.24272257462144,7.41765948943794,8.092284694314,8.34689208865166,8.60803707689047,8.97267762571573,10.6824776362628,14.5932404026389,14.2725667431951,13.698286421597,12.5763231513774,14.7092943092921,14.9414336378286,15.0454050818807,15.3425132580014,17.724048740778,24.4289635164896,27.2124840259203,29.2097841100767,30.0560863101855,31.0056845806539,31.8509359076852,34.8090593051165,35.0604940794874,41.4817950590514,40.8519472545013,48.0737768439576,51.5800931984559,57.0020871134475,65.2047177338973,64.6896551176906,69.0328359548002,69.5374371828511,72.1866836305708,74.8588758576661,74.6193425990641,70.1363144163042,76.6028820779175,82.3037243820727,85.1124226506799
Qatar,0.308025087695569,0.306844310369343,0.44049198878929,1.34247607877478,2.09371205000207,2.36929308576509,2.3499726834707,2.59886027639732,3.6866036192514,3.24809698620811,4.82920934818685,2.99832882732153,4.21931200567633,4.05157710332423,9.44037543702871,9.33330474793911,8.82340832985938,9.50836309418082,10.0260165967047,11.3916110657156,10.7937144450843,11.6441745311022,11.3304785266519,12.0783426314592,12.6960500478745,12.8583144657314,15.1684661526233,24.0073394501815,25.7306642718613,26.2604605145752,26.4401278346777,19.6603915393353,21.2952457591891,23.108649648726,26.0756488144398,22.7498503476381,21.7982559576631,24.6476104240865,27.4970373865217,33.7471033334732,37.9683794826269,40.2640220820904,46.1520134806633,52.3778614997864,53.6816858053207,62.802138030529,74.771826595068,89.7600604165345,100.264038886875,110.260042876005,123.898821078241,124.273769877851,116.847961641848,119.189158886671,125.161922514439,108.636547876522,116.961000764742,119.700040824711,132.506543058902
Saudi Arabia,62.4899280071259,63.2612997293472,64.0854351520538,64.9737150669098,65.9425592422485,67.0465376377106,67.0770468711853,71.8576323986053,76.4998292922974,80.8633267879486,62.6643395423889,72.3595054149628,85.6320507526398,94.9367518424988,115.840798318386,97.9117539077997,110.44424166251,122.50815002271,133.882314883638,156.870226860046,161.540481299162,158.848116934299,168.292719364166,173.222230296815,168.78033916303,202.282579064369,212.061114370823,208.576278410852,212.979627147317,249.451930522919,242.052913188934,246.545441478491,250.852973401546,265.044100016356,269.835051856935,276.978736631572,285.833885326982,293.750338274986,311.611429333687,341.773317977786,343.721415579319,361.261393018067,378.735730797052,409.721598252654,421.966819360852,461.342687547207,485.976340144873,516.607311084867,526.006452351809,565.069544553757,601.797938525677,634.541504412889,631.206908494234,612.447063922882,576.271604135633,556.868311822414,572.206688851118,609.375462919474,620.41153088212
United Arab Emirates,0.218803726136684,0.233528688549995,1.14492036914453,1.46177268447354,1.47325208270922,2.01648445799947,3.04663759190589,3.28138890583068,4.29049280378968,4.76904026512057,5.25953119341284,6.77481278311461,11.0884071476758,12.7796373283491,15.2469105152413,25.8874619277194,29.7834502859041,32.2750289421529,31.1184393018484,38.3349771052599,47.7442721873522,57.869685292244,64.4067794680595,72.054456025362,80.2936674356461,81.694236189127,100.243774026632,97.5200434029102,101.392690837383,110.629330933094,114.602454096079,117.005312681198,121.662270337343,124.135462760925,124.492929071188,123.592395931482,124.240580484271,132.424245476723,142.082624316216,152.521002262831,159.167075812817,168.143841415644,184.79534509778,210.574137449265,204.3672965765,213.794427901506,220.766339324415,231.909413073212,247.113147176802,243.038596730214,265.132944792509,275.829678977374,264.114257803478,248.773096079938,261.824112445116,254.992875769734,262.045433700085,281.384112745523,287.174474000931
Other Middle East,14.68716609478,15.1701904111542,15.4697155593894,16.3019540267996,16.987285011448,18.7610896006227,20.0485039353371,20.186979456339,23.4980757823214,25.894966466818,27.3389029414393,30.5995571180247,33.3434020369314,35.8172873230651,40.3341661747545,41.7351381643675,43.7785515426658,51.4175933091901,55.2330621271394,59.7201008587144,60.9486038368195,61.4391142453533,64.8248161470983,67.4552668707911,67.9113406431861,72.4452644553967,78.0348260658793,80.6279519940726,82.6771795116365,86.7279930717777,90.6738726873882,93.9647675901651,98.0962957876036,106.149856923381,108.413455639267,109.031004795805,113.014106201241,115.855257557938,120.968430616427,125.427235593554,141.331804562826,145.181494273653,149.083138605019,157.238290936686,158.424829033203,155.743181915954,150.146989184897,139.255463346839,134.205210536253,135.174136913382,124.780291651143,120.320700896205,122.662273503374,123.073278571246,121.175330875674,115.063354587066,119.841986355605,118.29464422341,121.82006908569
Algeria,5.56875275075436,6.86750604212284,6.36930686235428,6.77113720774651,7.59211817756295,8.26442475616932,8.93084427900612,9.98648048005998,11.6122140306979,12.9736955091357,15.4752294991631,17.8837581779808,19.3442109432071,24.5346415098757,32.111406898126,38.5157852247357,46.3101795129478,54.2584432195872,59.0323902792297,56.9577186158858,57.612452392932,60.9855633354746,62.6745582497679,66.8850570446812,65.1347226775251,65.3538285619579,65.2782878852449,66.5623771823011,62.1241908720694,62.8151842853986,65.1593136764131,64.3348837918602,61.8408554322086,64.4103208477609,64.4281680523418,62.5948715000413,64.9326281901449,67.8554927669466,70.9544762372971,74.3068832582794,76.9454529285431,80.8032001173124,85.2188827819191,90.6222704078536,95.6727667686064,94.5984084010124,100.577984720469,108.876629933715,115.439979791641,123.598029896617,128.967685475945,127.696670979261,130.731029927731,137.275907456875,142.394250020385,132.693590521812,144.461339458823,149.564678102732,144.66695189476
Egypt,22.9015581533313,24.0252858176827,20.1245573088527,21.062653535977,15.8805008134805,20.2005894556642,20.4924386516213,23.1321353018284,21.6042289808393,24.6206633225083,27.5306141413748,32.5221124589443,35.0921254307032,36.2066606730223,40.3632060289383,45.2471202854067,52.2738633900881,59.316209545359,64.8941351789981,70.8867497644387,73.4897596910596,74.7800334310159,79.8485754178837,81.0522251771763,84.8963517872617,86.6009857701138,87.1321349511854,85.5586063317023,84.4007409396581,88.2381352782249,93.5598276394885,99.7458566564601,103.67492408934,108.318829802331,114.01171448594,122.035798815545,119.899515775498,125.224850058556,131.900610685349,140.130955040455,144.159745693207,150.043117016554,159.377883285284,168.08458507061,176.136471390724,184.198718190193,193.46245777607,200.798220064491,202.658964417875,201.592894371599,204.200171083212,216.639381315559,221.553224423435,217.702516993508,209.555709294975,189.651982134208,221.234431475401,235.579669557512,232.075120955706
Morocco,3.57128060609102,5.34599244594574,5.74922554939985,6.08028516545892,6.49075198732316,6.88744292408228,7.25005797669291,7.913673998788,9.25798841565847,9.84723538532853,10.3000055588782,11.2763779181987,12.3948282673955,13.2259178608656,14.7865227609873,14.9258700683713,14.8435776680708,15.663374748081,16.2736737085506,16.5756636480801,17.1730132657103,17.7592726796865,18.2125544920564,19.1563405767083,20.9802028571721,21.3156488721725,21.5465156377759,24.2485516404267,25.1597823500633,27.2950165979564,27.1470506023616,27.6247441023588,28.3735258057714,29.8947879113257,31.4993917122483,31.5813446603715,34.3597887381911,35.3778257183731,34.7038595117629,40.1277983039618,43.9384804368019,44.6243859529495,43.8639043346047,48.7342588547617,45.2550440076739,49.1789858394768,53.0190782339778,54.0667685908265,54.4441417753696,56.5907281935215,56.8135564550757,57.1634037550539,60.1841517658904,61.7663519140333,67.8745800405741,62.8313568960875,69.8562723249197,70.3421156764962,69.107553278096
South Africa,113.204194545746,113.521911859512,116.842663608491,123.105200752616,126.252076752484,131.621698647738,142.217586703598,145.693128623068,156.609782300889,161.765679873526,172.499920517206,180.037066757679,184.993899524212,182.244103364646,190.136321887374,205.857638306916,240.268660977483,264.046812079847,270.392156980932,290.401086218655,297.120084039867,299.4242673181,306.762037875596,330.544477590593,312.525384897832,324.869620159268,319.221421865746,327.233681190759,329.593904452864,340.297545384616,351.15398401022,357.305896982551,365.149553254247,357.551552303135,370.110981509089,371.649582318962,376.475584723055,366.562669321895,399.77849316597,439.144576638937,421.66345860064,430.8591446504,441.043431442231,475.951697606593,474.398873817176,475.111234080046,466.537415776402,462.285977862775,463.020846173167,467.43910657987,455.291737489402,474.362061738968,470.483218425885,452.440216457471,474.868962913752,448.901643292978,444.789556243661,425.676533228921,425.043301514612
Eastern Africa,25.2314836064397,27.2830205911305,28.5674539664469,29.6506263073388,31.5029600064299,33.5075417249864,35.5078835115673,35.1500160956275,37.536804950676,37.0650794003668,35.2144233246363,38.3028917168106,36.5559027632607,35.9350296238781,36.0649493740202,37.3006070247784,35.9125872681789,34.2029315290752,36.2697119673066,35.2806847627767,37.4018361957877,38.8737074054993,41.1752020304421,44.1065596913548,44.1676355142582,50.1192333067215,46.5197324089095,47.0605713065979,51.8364634863319,51.1077652621389,51.4035627974117,50.4980302781987,54.0264501742276,53.5159554505608,53.6705799706651,51.2798175154676,54.8741622659945,53.7514285212383,53.5400538247485,58.8606992898763,61.7982710887941,63.1559214527865,65.5972609073922,64.7910738519211,69.7287261619383,75.242052731033,78.7592622047002,81.484073560053,90.6948319693261,101.840820014918,105.968409956539,105.007799201728,114.345922417441,121.132262915434,117.73686581301,109.643156077518,119.008165590974,114.28198534899,116.826795424082
Middle Africa,7.00087565023205,7.177508359684,7.27398224969147,7.55717086413642,7.80124163187793,7.92600169454454,9.21416793742901,9.48898941387233,10.6092058183312,10.9755411213482,9.96208326903434,9.97631183966587,10.6599900302645,12.4708903798601,12.48005900512,13.0795410940591,13.8758085605041,12.8572696847623,14.5093203461438,12.9859718746957,14.5534112877285,14.0561167985907,14.4194332718034,15.4131797280206,15.2924408525796,14.3066485927366,13.124426288388,13.0783731265037,13.3046900447189,12.9890599684855,12.974022714785,13.075411484333,13.5227839070649,12.6153201865918,13.480184657521,14.6550125581557,14.9832244532772,16.1479532131234,17.8387878071262,21.792934053221,20.7311187816449,23.3827309691696,25.9257165799063,28.8161789953592,30.7353735767538,34.2143082590337,36.0084795933362,40.3551648187713,45.4533403494133,47.8763883297215,48.3413025148693,46.4161948634865,44.4863601143006,45.4741798779869,47.4239402530366,40.5429891466774,46.7450659563474,51.2468712936843,52.2124117066141
Western Africa,14.8155577878933,15.270977305132,14.6904068987933,14.4589330339513,15.6448422026879,16.5607897354466,20.9010630906214,22.2154424859685,24.5339376375769,25.3992838627275,27.4834518841174,30.7185494182979,34.0684173161512,37.1344924821533,38.8696200444228,43.1890939179284,48.4715321611557,51.3123835383544,49.6277139347285,45.5623578596073,47.3162830137533,44.7693032485587,47.0514764013055,50.2484450939959,52.0572052176544,50.677513351003,52.5663865189526,58.1060949198306,58.8054163563079,58.3040674793742,59.6671595190564,64.4765733734785,65.2200585263308,68.5339506673718,68.1506070253927,71.5814597466215,76.9103417922647,84.1479778348107,82.8664731252993,84.4701473385585,89.0254939504057,81.2934420125766,87.9198796003002,94.5164811368022,88.6876263505526,94.526376909987,103.668629333526,107.299285687084,109.189598967998,110.537109635506,127.36791613041,132.468027434017,142.870565488665,160.806765825764,164.212224138246,165.97026837464,193.964049121736,195.739299181778,189.915043248144
Other Northern Africa,5.67042402958032,6.02140234754188,6.34466334455647,7.04856796452077,7.49903315736447,8.33920340397162,7.40061247430276,9.0870429839124,11.7388609464397,12.6678512886283,13.9134333221009,16.7746812643018,19.1130078119459,21.2631391187897,25.6219962923205,27.186972655094,29.2416727952077,29.862316227227,31.9530854364275,31.4315679200809,34.5224733746145,34.4483098105993,37.2722828531405,37.6953895721817,39.7899042392382,38.9612803262426,39.2374864525627,39.7525712756906,41.4918014667928,46.3177202818915,49.5551456599496,51.505832624156,52.8103456164245,54.9044240138028,55.0991033113096,58.5148240614217,59.6238345890306,60.4128436930478,61.736918780487,65.2707088950556,67.5930496526416,69.9823444213253,67.5035602366552,69.3293966664933,74.1281805662438,77.8477397584356,57.4919571490027,70.3371168123558,75.1577407405712,74.7654802878387,67.8701019627042,69.6234628465027,74.3651424720883,75.5846086400561,76.3669557161629,68.7960785701871,82.2911562742665,86.7226863466203,89.6031329510733
Other Southern Africa,0.293863447674084,0.406805540231289,0.440488302381709,0.488178798404988,0.514284018980106,0.573669136036187,0.610422121419106,0.638551959069446,0.722924296162091,0.874569667183096,0.996580266612,1.29311014423729,1.45564568205737,1.69868389534531,1.86287305527367,1.94780066609383,1.95974971988471,2.0178765784658,1.83684745748178,1.89124640810769,2.10722834095941,2.35145601574914,2.39981689155684,2.70598066740786,2.99376756619313,6.23553320160136,6.20193720981479,6.89161492418498,6.96702048135921,7.42259878432378,7.64228977123275,7.29500441346318,7.85009510349482,8.5569819426164,8.81238751113415,8.94389273039997,9.11979443207383,8.97030916064978,8.97752071451396,9.1439079134725,9.63744323933497,9.43031153501943,9.8199154776521,10.3199499817565,10.7358732419088,9.40664075314999,10.7929371977225,12.2882142896196,12.445198737958,13.6811230435269,13.7176185576536,13.6343485645193,14.4901611559399,15.1274529717193,14.3727295585122,12.3259473845101,13.8956507076509,15.34243267891,15.681999302702
Australia,118.821503455751,125.07055748906,132.38713325467,139.726294729859,144.318647027016,155.27696865797,161.237396776676,168.205810666084,178.643121957779,188.994662821293,191.885486900806,198.375232696533,208.404580712318,215.110796751454,223.148243919015,224.261528462172,227.782637348399,226.773200426251,223.450378086418,231.842389680445,237.730756171048,242.347809561528,249.912832913833,261.776110303072,274.989209696185,279.658660083544,279.704568462912,283.544818135677,288.658230739413,298.640149050159,307.68033068534,318.057572231162,327.898391548544,337.400432022288,352.974285204778,355.063881414011,356.828310871497,363.405592292547,369.816082042642,382.862774580717,382.921513325535,398.389164168388,406.748219101224,417.378945655655,408.822987124324,401.961176615208,407.356313575059,398.740184023976,395.642330121249,399.197068113834,407.440761076752,405.976387807401,404.325988364406,402.48900768871,406.922067488777,376.522899202304,369.221748701762,376.955541752744,376.122029345715
Bangladesh,0.0,0.0,0.0,0.0,0.0,0.0,2.83901858422905,3.26306599657983,3.8161939997226,4.1020166343078,4.67498321738094,4.97158216591924,5.1628389521502,5.53969524707645,6.08397851791233,7.0939468992874,7.46385931689292,7.85113387461752,7.48226851876825,7.59526556637138,8.88323122728616,9.73437988711521,10.6435629068874,10.8924881103449,11.761634293478,12.7536491043866,12.0256510395557,13.0858771074563,14.1457549408078,14.8427943419665,18.2219613492489,18.4240468926728,20.8174095228314,21.1452589016408,21.8895634897053,23.5129974149168,27.6835415810347,29.5306495651603,30.5850973427296,32.9179347157478,36.5308220423758,40.5239370167255,41.1466825902462,44.2761719375849,49.4682092212606,50.7696353700012,56.3150361180305,61.4221685230732,64.4471816495061,66.8864742591977,83.8425286076963,83.8437026180327,88.3716944791377,95.6695204414427,107.69908554852,102.174992710352,109.718269545585,119.022878073156,118.210039332509
China,488.52541346848,530.349057108164,475.920689702034,476.68279093504,582.473713994026,748.507100760937,881.701154917479,945.376700699329,987.002297759056,1006.76851904392,1131.27279853821,1183.14136970043,1293.54808461666,1418.53261244297,1458.4541875124,1460.86878640205,1438.27433744818,1502.0269485265,1596.66301891953,1722.02749121934,1821.73744029552,1903.60713469237,2048.10800157487,2196.8157530576,2295.04396176338,2308.79272341728,2439.95436267555,2562.75619027019,2769.61444203556,2921.35766798258,3009.16341398656,3156.6550360322,3142.33146084845,3139.80792477727,3268.4740165174,3327.98388391733,3489.72714272141,3809.26403111219,4494.13586246967,5317.16772347689,6079.25929963589,6659.97359359264,7217.13919484615,7356.5598911643,7685.02016544342,8121.68793094158,8793.49112534523,8977.55966931581,9214.08614802361,9235.52975583076,9172.85086682439,9027.13780587912,9274.29724133015,9612.00112223625,9923.77984583378,10128.4323124886,10543.7666990757,10576.318805933,11218.3748351336
China Hong Kong SAR,7.13440794311464,7.69702706113458,9.07442680560052,9.78140145912766,11.469609783031,12.3234020927921,12.9674312481657,14.7437158413231,15.2759893238544,15.6077190265059,14.7476170007139,17.3834960386157,18.7988910153508,19.5704649332911,19.9808501265943,20.4567051809281,21.8494008332491,24.6607544720173,27.0073617100716,28.0668843090534,29.5634421110153,31.2165610194206,34.7782104313374,40.1828987598419,42.7995526790619,41.2727736234665,43.0485484153032,50.1408357918262,55.072496175766,48.4334963262081,52.2141787596047,49.7159283459187,49.0438294559717,50.8083644360304,50.1803475767374,53.3922681733966,70.0087076872587,67.1927954033017,71.2646877467632,78.4637217223644,75.7679135575891,79.9262107238173,85.6193669214845,79.1717209294438,86.4733412526548,88.3210891969502,91.9873467460275,88.7017786353827,91.4573155846447,89.5818455591798,90.4031958840787,92.5763123873621,98.8100335029885,99.9989571608603,94.5220633167773,67.9987024753354,64.4144454700872,57.5162878534757,65.8899807538837
India,167.450988590717,170.024484813213,174.470098078251,182.54080170393,197.476427197456,189.896062612534,206.585449203849,218.567763477564,219.015322018415,238.596514225006,253.406225733459,263.84393488802,277.624358352274,276.559518769383,295.917934846133,310.325903404504,339.834100229666,341.776578802615,364.608665555716,386.003722608089,409.00452311337,437.935125164688,474.795074813068,511.750350683928,558.969868123531,602.063995599747,634.880715072155,671.916386663914,694.044932710007,724.786561757326,773.416696146131,812.452664315701,854.976769387722,895.69740191102,914.305807590485,959.522548347712,968.248601406813,1011.72674669139,1052.26317766309,1115.26974350214,1203.23527383804,1255.05922800303,1366.32038655877,1465.59819078445,1591.78063732386,1643.92623919249,1710.23736482859,1829.26412540674,1896.21171283722,2046.48809272051,2114.34915244579,2211.28605604172,2287.88139468431,2385.76478022337,2411.36315071583,2241.61370068789,2469.85792422295,2595.61028122902,2814.32350695133
Indonesia,20.1407479420304,19.5487945340574,18.6879158094525,19.6140911281109,21.2924298197031,22.6474215388298,23.5358197540045,25.4173052608967,29.7230923771858,31.409716129303,36.8571581840515,39.716428399086,48.1136795673519,53.7384891286492,61.9575570225716,68.7639331445098,75.177771746181,77.2683432688937,78.7588733085431,85.1213988871314,86.4807626288384,90.8169108647853,98.7839438319206,104.109070003033,113.816838040948,132.382995896041,143.172899421304,157.039106288925,169.100037274882,176.617693530396,193.410999206826,205.629277678207,230.503295905888,228.484605200589,247.02553207241,264.044391813688,286.753250431735,294.83333735913,332.445059853606,323.325853047427,333.358606077265,352.535124346148,383.617088231724,379.152885002084,388.833621841855,422.788836746477,454.300399646629,470.477261970285,439.195830917917,448.603327056859,465.004805065226,463.820649042726,483.877614765894,521.620833933353,565.67385717947,522.462731579319,528.644282781286,704.444570881547,701.424058036413
Japan,445.343131460249,503.009879983962,576.544100545347,628.529143715277,728.688623029739,823.661625027657,841.869891405106,894.81365776062,995.5107011199,971.821410655975,961.136485815048,982.640119791031,979.68981552124,974.990613460541,975.255216479301,943.129292488098,934.897020459175,891.128002889454,907.984679460526,939.669440686703,939.186175823212,924.827231913805,957.922054797411,1022.66282850504,1040.37266872544,1085.82765671761,1114.24948267183,1126.95556877824,1122.45649084136,1182.76571518145,1193.30347514339,1215.18380787689,1216.13102122932,1188.04245542688,1220.21266291091,1251.06697459353,1241.98536964378,1244.00975220682,1288.16676213188,1273.181393234,1308.81232198392,1285.48297582177,1299.97535363999,1308.43107921243,1138.22851304756,1210.09814505931,1223.12593919784,1307.47464991361,1296.16651953524,1261.45289261847,1223.25564231537,1202.00199498609,1196.62519625295,1174.22109593358,1135.49121834803,1046.04990716814,1080.06079226484,1081.16607013842,1012.78317314511
Malaysia,8.26036951877177,9.55032327584922,10.3729033637792,10.6752230450511,11.5957068800926,10.827638393268,12.2987537682056,13.725169621408,14.5462449267507,14.7903270274401,15.1872670724988,17.0451445765793,19.9164097150788,25.3361370498314,28.8706868896261,30.2020275406539,31.4613456521183,33.446165301837,38.1423697816208,39.4998697238043,38.2802077103406,39.670112112537,40.516367321834,42.5301758481655,49.5503352181986,54.6292642150074,67.3282413054258,76.6016379203647,74.0358446482569,79.5912243183702,84.9012876730412,98.9185049757361,114.028632570058,108.25838406384,113.541877023876,131.380711533129,137.29555625096,145.542317979038,159.792481444776,174.144876826555,187.688663333654,187.462663512677,199.817046321929,208.082781989127,199.690112240613,214.158252891153,209.92288275063,227.890082737431,234.222518187016,243.227360118181,247.125957706012,252.462053332478,241.285069281235,251.188581235707,255.80130135268,251.178572364151,258.567022040486,277.432976536453,284.664448812604
New Zealand,15.0472117811441,15.7958540543914,15.7338014468551,15.670935317874,16.1982841491699,18.2425568550825,18.0823141038418,19.3507079184055,20.8965542912483,20.1327269650064,19.3805538169108,21.226988401264,22.1017281580716,20.8270098473877,19.3073227684945,18.6956786364317,18.2896516174078,19.9455569274724,20.0873490162194,20.1100492291152,20.6992424018681,21.6294921375811,22.0796335153282,23.0075986757874,23.9172553941607,25.2315080929548,25.7417522594333,27.3468603920192,26.76690223068,27.7350733168423,27.9856083504856,29.0449296291918,31.0639355462044,29.7593124005944,31.0174326524138,31.5567211154848,33.910398713313,33.8462604591623,36.0323543250561,35.157617229037,37.3004112383351,37.2294416353106,35.9907577326521,37.0397591013461,34.0531719652936,33.9896286074072,33.8825558498502,35.4141173437238,35.0539100174792,35.0176918199286,35.444073506631,34.6375686572865,36.6700412686914,36.5652811801992,37.870126188267,32.9008445958607,32.5995720271021,30.4695530161262,31.7273166161031
Pakistan,19.5044320710003,19.3019840754569,21.051019910723,23.8111719824374,23.2181895188987,22.695246566087,20.021678943187,17.8903422225267,18.9533783439547,20.493875939399,21.1413853056729,21.2232700698078,22.6969377622008,23.6328175142407,25.1635545678437,27.4256630986929,28.9010457545519,31.9486003853381,33.9493990000337,36.6890897396952,39.1612637024373,43.3213299699128,47.5681825932115,51.2819936126471,54.771726867184,58.4619808495045,62.6355909351259,65.5598141402006,72.5677064303309,76.1560014728457,80.0346507048234,84.8184836991131,85.3184411469847,88.6606233064085,94.3869678918272,97.8720785509795,98.9902130421251,102.126160616055,107.263123023324,118.088189601433,120.485485712998,130.308330252767,141.744673616253,145.915096548386,146.093652447686,146.126456809696,145.172459071502,144.613839422818,145.306223748252,151.707894707564,160.257194335572,113.980154142249,188.704374936409,195.329614678354,195.07007634826,196.06027632067,231.393271501234,208.407470172504,189.56490065662
Philippines,15.2746699862182,16.9344450086355,18.321044202894,21.6347342208028,23.3161219358444,23.8479852601886,25.8532674536109,27.2371264509857,29.8070305828005,28.003560423851,30.3590623065829,31.305642504245,34.5130495131016,35.614261996001,36.8425641208887,35.4510188493878,33.7667531222105,33.5462084040046,34.4844062514603,29.6887021409348,27.9517197394744,28.2092267973348,32.5930425608531,35.7901839027181,39.597729713656,40.4430308723822,40.8046168647707,44.9884688220918,49.6395465740934,50.8624604092911,59.8588430536911,64.2883828030899,71.6850441303104,70.8461388899013,68.7026922227815,69.0116576179862,69.1477556833997,68.421377485618,70.1340121394023,71.6376148322597,72.5273974100128,67.0121003445238,70.9092971952632,73.2652804963291,74.11827498395,79.6091376012191,80.2566806348041,82.8805420398712,91.856036615558,96.7753054806963,105.903915803879,115.871795946732,128.369855571538,132.820259478875,139.885928116739,126.831653766334,134.289814519696,140.720300599933,152.577794030309
Singapore,13.0925806500018,14.966980041936,18.02210706193,22.4346210751683,22.0395705970004,23.9274548562244,20.6853919140995,25.9348416747525,24.2157306522131,23.9002705365419,23.516192576848,27.8665853859857,27.9640128165483,28.4955661557615,30.3538181667682,30.1480880379677,34.7322196625173,33.6782605359331,35.7224726099521,36.6901165153831,37.1376895755529,43.2866961322725,44.739270972088,52.0922224614769,59.8060917966068,69.6233249083161,71.1501462981105,76.3109297156334,83.0593967493623,95.6777601875365,98.5546267405152,98.3730158269173,102.403998451307,101.202169733122,99.9525057300925,107.096292994916,117.535540103912,111.799606857821,103.6814770028,116.199782008305,127.266864523292,140.295688398532,151.423394851387,163.384443428367,176.678875046782,185.379648305243,192.590214193158,191.714404378377,191.309442024969,190.804886918806,202.318711724773,216.793745174073,227.488079967443,222.693414392415,214.881443085615,210.660086216871,213.332170309965,209.764198993682,224.383266166318
South Korea,24.8712533885264,29.6108093759976,32.7818649122491,36.303339174483,42.4840642679483,49.0340273864567,52.6023221993819,54.5900307525881,67.7475558659062,68.7785077132285,75.2661724481732,84.0958773829043,96.2254853993654,103.9639477171,119.180550456047,123.428644783795,128.729552380741,129.119191095233,135.348050020635,148.032890193164,158.924547423841,169.989183172584,179.152840599418,204.122117877007,215.482219010592,235.437601563986,263.818911522627,288.340938217938,317.931347062346,343.366154007614,372.714220970869,413.619494840503,438.245776355267,376.594238877296,410.504768997431,437.208234012127,450.618174135685,468.935294996947,478.292796622962,487.824332907796,496.443769373,501.488010346889,513.346168339252,525.871915459633,530.205225110054,586.866096384823,613.706311732531,612.614874407649,619.989014327526,615.006392151117,622.780482620001,633.17267152667,641.827890284359,659.110597521067,635.32241755724,588.123277723789,603.200472712517,592.896591156721,571.217177867889
Sri Lanka,2.53463791310787,2.59596578776836,2.65896414220333,2.72585555166006,2.78582810610533,4.61021587275172,4.69113795537851,4.86568163029733,5.19651079142932,4.15429488697555,4.31170157785527,4.18261403497308,4.4905749008758,4.61596937628929,4.85557682276703,4.94224191620015,5.14676876552403,5.61864260130096,5.81730142747983,5.53693999932148,4.86970129190013,4.99165680434089,5.59911699272925,5.20170679414878,4.81458380527329,5.37476597167552,5.36243119998835,6.11727992902161,6.14432263799245,6.6660002876597,7.10096444436931,8.66027463419596,8.88692444149638,9.25766170956194,9.97872385085793,11.485149973596,11.2152656755352,11.9881511598942,11.924786727468,11.7439935935254,13.6072414478404,13.8697325747926,14.714534423023,13.5557577770669,13.9583464526222,13.9994764541043,16.3647371248808,18.2102651000023,15.9345884248614,19.8657746723038,20.3994654577691,24.0621944105369,25.8984362632036,25.420643478632,26.6431026905775,24.7295863628387,23.6311478503048,20.3785980790854,21.1317242756486
Taiwan,18.8475261330605,20.0382352247834,21.7905303090811,23.8678899370134,25.2290358878672,27.5565152615309,33.8579838499427,35.3448378443718,41.4969218745828,38.5762972310185,41.8498725742102,52.2147458046675,57.1325727254152,65.3193957358599,67.7070240229368,73.6218548193574,64.7740682438016,67.8490707240999,72.7468071430922,74.7045951895416,73.7272904887795,85.4955440163612,90.562254127115,106.837565246969,116.767359878868,120.119855362922,128.419714082032,138.338757187128,149.711123043671,158.500548356213,168.954783926136,176.750998512725,191.86694921169,203.972982148756,214.835381522411,232.405278758146,230.176628905159,239.704912499554,249.054416158542,258.936513981193,264.210783680901,273.307174935866,275.188268076628,262.027444163337,248.4659189675,268.108858156949,273.128037668765,266.924462601542,268.533225128427,275.420682940632,275.715684154071,280.935495290905,286.913017842919,284.831032454967,279.26673684828,265.713645115495,281.075532173738,273.341259978712,265.515061545186
Thailand,7.36688595823944,8.7439073882997,9.90067423507571,12.9856471791863,14.0636129230261,16.2586760371923,17.89936934039,22.2965939752758,23.6163279414177,24.276611469686,26.1126783639193,27.5779387131333,30.8912519440055,34.07542540133,35.6110026240349,37.3663505464792,36.0809835493565,35.6919156908989,39.3277676701546,43.2788998782635,46.0604596138,47.749517261982,56.3894138932228,63.7373720407486,73.9667263627052,89.3534391522408,99.043750166893,108.610918581486,122.479631692171,137.2330506742,154.01072371006,171.950466528535,178.694506630301,162.491540968418,168.546854197979,169.582503043115,176.585572302341,187.788957685232,197.200561314821,216.015266086906,223.921994496137,225.94332138449,234.349612347782,235.786288157105,235.932669047266,248.879951234907,249.177692010999,266.612693667412,265.890445061028,273.62122169137,281.120796171948,286.72157841755,287.436778652089,293.1172728034,288.340626788384,273.042415531192,269.704273756943,274.576440707082,269.707773518916
Vietnam,8.22646543569863,13.9439968839288,19.0458877226338,19.7952741868794,23.2763647492975,24.2821797356009,21.8458118867129,21.1191976591945,22.7002464421093,17.2952866517007,19.762351796031,12.0524317380041,12.8630382232368,13.0757058579475,13.8941492456943,14.9397862236947,15.1961247008294,16.357117170468,17.3388605248183,17.1985380332917,17.4320240691304,19.0282812044024,21.5313645228744,20.9827729873359,17.9297458902001,17.9568358138204,17.5299647599459,18.4359664544463,20.6846629343927,23.0691604986787,27.4142279177904,31.3941089063883,38.0308110713959,41.5221507595852,40.6150015704334,47.4922217205167,51.942191105336,58.1419306211174,63.5269154738635,82.000944070518,87.5480155944824,73.4481968432665,80.4479203000665,105.190089277923,103.313918471336,122.829110354185,132.114109024405,129.266781434417,133.991011314094,150.181192606688,181.926113091409,197.264031127095,198.951866567135,240.334926676005,290.768178872764,285.18149038218,268.239805519581,257.485722247511,305.408524582162
Other Asia Pacific,54.8303939943334,58.5796727606711,63.8754729357961,69.2290610195661,73.930920363207,79.5176544245473,87.384930009012,92.0251359178402,94.382889544447,100.391389723291,101.662879162413,108.353240982346,114.195954575632,120.879683162854,129.637205610383,138.440207329085,142.809927346998,149.412383007853,154.925829223596,160.554352977609,166.671436615584,168.779386986672,162.291509624975,163.576684673214,159.04806353327,154.415762647951,149.319746901019,133.213337716155,125.983419836062,118.354666313321,114.674174076945,105.678605077312,105.746631105527,100.512800809976,107.1485070818,115.09678228924,119.4784508177,115.364107740538,120.103196887635,122.580958532979,128.22262745645,132.920955411538,123.544440958333,128.412694369661,129.36147764891,136.132723948535,124.543725469364,127.022248119013,118.444093650635,128.724307156445,136.513341698468,143.022550104692,196.948898990093,201.831851985616,219.755777003506,219.678923677761,211.283735842395,218.236084237359,230.460426240575
